-- phpMyAdmin SQL Dump
-- version 5.0.4
-- https://www.phpmyadmin.net/
--
-- Máy chủ: 127.0.0.1
-- Thời gian đã tạo: Th1 07, 2021 lúc 09:50 AM
-- Phiên bản máy phục vụ: 10.4.17-MariaDB
-- Phiên bản PHP: 8.0.0

SET SQL_MODE = "NO_AUTO_VALUE_ON_ZERO";
START TRANSACTION;
SET time_zone = "+00:00";


/*!40101 SET @OLD_CHARACTER_SET_CLIENT=@@CHARACTER_SET_CLIENT */;
/*!40101 SET @OLD_CHARACTER_SET_RESULTS=@@CHARACTER_SET_RESULTS */;
/*!40101 SET @OLD_COLLATION_CONNECTION=@@COLLATION_CONNECTION */;
/*!40101 SET NAMES utf8mb4 */;

--
-- Cơ sở dữ liệu: `m`
--

-- --------------------------------------------------------

--
-- Cấu trúc bảng cho bảng `failed_jobs`
--

CREATE TABLE `failed_jobs` (
  `id` bigint(20) UNSIGNED NOT NULL,
  `uuid` varchar(255) COLLATE utf8mb4_unicode_ci NOT NULL,
  `connection` text COLLATE utf8mb4_unicode_ci NOT NULL,
  `queue` text COLLATE utf8mb4_unicode_ci NOT NULL,
  `payload` longtext COLLATE utf8mb4_unicode_ci NOT NULL,
  `exception` longtext COLLATE utf8mb4_unicode_ci NOT NULL,
  `failed_at` timestamp NOT NULL DEFAULT current_timestamp()
) ENGINE=InnoDB DEFAULT CHARSET=utf8mb4 COLLATE=utf8mb4_unicode_ci;

-- --------------------------------------------------------

--
-- Cấu trúc bảng cho bảng `migrations`
--

CREATE TABLE `migrations` (
  `id` int(10) UNSIGNED NOT NULL,
  `migration` varchar(255) COLLATE utf8mb4_unicode_ci NOT NULL,
  `batch` int(11) NOT NULL
) ENGINE=InnoDB DEFAULT CHARSET=utf8mb4 COLLATE=utf8mb4_unicode_ci;

--
-- Đang đổ dữ liệu cho bảng `migrations`
--

INSERT INTO `migrations` (`id`, `migration`, `batch`) VALUES
(1, '2014_10_12_000000_create_users_table', 1),
(2, '2014_10_12_100000_create_password_resets_table', 1),
(3, '2019_08_19_000000_create_failed_jobs_table', 1),
(4, '2020_12_31_044702_create_tbl_admin_table', 1),
(5, '2020_12_31_092213_create_tbl_category-product', 2),
(6, '2020_12_31_095216_create_tbl_category_product', 3),
(7, '2020_12_31_165334_create_tbl_brand_product', 4),
(8, '2021_01_01_040247_create_tbl_product', 5),
(9, '2021_01_05_162457_tbl_customer', 6),
(10, '2021_01_05_165827_tbl_shipping', 7),
(11, '2021_01_05_174555_tbl_payment', 8),
(12, '2021_01_05_174716_tbl_order', 8),
(13, '2021_01_05_174830_tbl_order_details', 8);

-- --------------------------------------------------------

--
-- Cấu trúc bảng cho bảng `password_resets`
--

CREATE TABLE `password_resets` (
  `email` varchar(255) COLLATE utf8mb4_unicode_ci NOT NULL,
  `token` varchar(255) COLLATE utf8mb4_unicode_ci NOT NULL,
  `created_at` timestamp NOT NULL DEFAULT current_timestamp() ON UPDATE current_timestamp()
) ENGINE=InnoDB DEFAULT CHARSET=utf8mb4 COLLATE=utf8mb4_unicode_ci;

-- --------------------------------------------------------

--
-- Cấu trúc bảng cho bảng `tbl_admin`
--

CREATE TABLE `tbl_admin` (
  `admin_id` int(10) UNSIGNED NOT NULL,
  `admin_email` varchar(100) COLLATE utf8mb4_unicode_ci NOT NULL,
  `admin_password` varchar(255) COLLATE utf8mb4_unicode_ci NOT NULL,
  `admin_name` varchar(255) COLLATE utf8mb4_unicode_ci NOT NULL,
  `admin_phone` varchar(255) COLLATE utf8mb4_unicode_ci NOT NULL,
  `created_at` timestamp NULL DEFAULT NULL,
  `updated_at` timestamp NULL DEFAULT NULL
) ENGINE=InnoDB DEFAULT CHARSET=utf8mb4 COLLATE=utf8mb4_unicode_ci;

--
-- Đang đổ dữ liệu cho bảng `tbl_admin`
--

INSERT INTO `tbl_admin` (`admin_id`, `admin_email`, `admin_password`, `admin_name`, `admin_phone`, `created_at`, `updated_at`) VALUES
(3, 'tansy7711@gmail.com', '123', 'tansi', '0947774929', NULL, NULL);

-- --------------------------------------------------------

--
-- Cấu trúc bảng cho bảng `tbl_brand`
--

CREATE TABLE `tbl_brand` (
  `brand_id` int(10) UNSIGNED NOT NULL,
  `brand_name` varchar(255) COLLATE utf8mb4_unicode_ci NOT NULL,
  `brand_desc` text COLLATE utf8mb4_unicode_ci NOT NULL,
  `brand_status` int(11) NOT NULL,
  `created_at` timestamp NULL DEFAULT NULL,
  `updated_at` timestamp NULL DEFAULT NULL
) ENGINE=InnoDB DEFAULT CHARSET=utf8mb4 COLLATE=utf8mb4_unicode_ci;

--
-- Đang đổ dữ liệu cho bảng `tbl_brand`
--

INSERT INTO `tbl_brand` (`brand_id`, `brand_name`, `brand_desc`, `brand_status`, `created_at`, `updated_at`) VALUES
(2, 'Addidas', 'Adidas Best', 0, NULL, NULL),
(3, 'Nike', 'Nike is bét', 0, NULL, NULL);

-- --------------------------------------------------------

--
-- Cấu trúc bảng cho bảng `tbl_category_product`
--

CREATE TABLE `tbl_category_product` (
  `category_id` int(10) UNSIGNED NOT NULL,
  `category_name` varchar(255) COLLATE utf8mb4_unicode_ci NOT NULL,
  `category_desc` text COLLATE utf8mb4_unicode_ci NOT NULL,
  `category_status` int(11) NOT NULL,
  `created_at` timestamp NULL DEFAULT NULL,
  `updated_at` timestamp NULL DEFAULT NULL
) ENGINE=InnoDB DEFAULT CHARSET=utf8mb4 COLLATE=utf8mb4_unicode_ci;

--
-- Đang đổ dữ liệu cho bảng `tbl_category_product`
--

INSERT INTO `tbl_category_product` (`category_id`, `category_name`, `category_desc`, `category_status`, `created_at`, `updated_at`) VALUES
(4, 'Phụ kiện', 'aaaaaaa', 0, NULL, NULL),
(5, 'Giày', 'aaaaaaa', 0, NULL, NULL),
(6, 'Bóng', 'aaaaaa', 0, NULL, NULL);

-- --------------------------------------------------------

--
-- Cấu trúc bảng cho bảng `tbl_customers`
--

CREATE TABLE `tbl_customers` (
  `customer_id` int(10) UNSIGNED NOT NULL,
  `customer_name` varchar(255) COLLATE utf8mb4_unicode_ci NOT NULL,
  `customer_email` varchar(255) COLLATE utf8mb4_unicode_ci NOT NULL,
  `customer_password` varchar(255) COLLATE utf8mb4_unicode_ci NOT NULL,
  `customer_phone` varchar(255) COLLATE utf8mb4_unicode_ci NOT NULL,
  `created_at` timestamp NULL DEFAULT NULL,
  `updated_at` timestamp NULL DEFAULT NULL
) ENGINE=InnoDB DEFAULT CHARSET=utf8mb4 COLLATE=utf8mb4_unicode_ci;

--
-- Đang đổ dữ liệu cho bảng `tbl_customers`
--

INSERT INTO `tbl_customers` (`customer_id`, `customer_name`, `customer_email`, `customer_password`, `customer_phone`, `created_at`, `updated_at`) VALUES
(1, 'minhduy', 'minhduy89@gmail.com', 'c4ca4238a0b923820dcc509a6f75849b', '123', NULL, NULL),
(2, 'nguyễn minh duy', 'minhduy90@gmail.com', 'c4ca4238a0b923820dcc509a6f75849b', '123', NULL, NULL),
(3, 'tansi', 'tansy7711@gmail.com', '202cb962ac59075b964b07152d234b70', '0947774525', NULL, NULL),
(4, 'tansi', 'tansii7711@gmail.com', 'c4ca4238a0b923820dcc509a6f75849b', '123', NULL, NULL),
(5, 'tansiaa', 'tansy77111@gmail.com', 'e034fb6b66aacc1d48f445ddfb08da98', '09477745251', NULL, NULL),
(6, 'tansinguyen', 'si7@gmail.com', 'c4ca4238a0b923820dcc509a6f75849b', '123456789', NULL, NULL),
(7, 'nguyensi', 'nguyensi@gmail.com', 'c4ca4238a0b923820dcc509a6f75849b', '01254879632', NULL, NULL);

-- --------------------------------------------------------

--
-- Cấu trúc bảng cho bảng `tbl_order`
--

CREATE TABLE `tbl_order` (
  `order_id` bigint(20) UNSIGNED NOT NULL,
  `customer_id` int(11) NOT NULL,
  `shipping_id` int(11) NOT NULL,
  `payment_id` int(11) NOT NULL,
  `order_total` varchar(50) COLLATE utf8mb4_unicode_ci NOT NULL,
  `order_status` varchar(50) COLLATE utf8mb4_unicode_ci NOT NULL,
  `created_at` timestamp NULL DEFAULT NULL,
  `updated_at` timestamp NULL DEFAULT NULL
) ENGINE=InnoDB DEFAULT CHARSET=utf8mb4 COLLATE=utf8mb4_unicode_ci;

--
-- Đang đổ dữ liệu cho bảng `tbl_order`
--

INSERT INTO `tbl_order` (`order_id`, `customer_id`, `shipping_id`, `payment_id`, `order_total`, `order_status`, `created_at`, `updated_at`) VALUES
(1, 2, 3, 1, '13,444.31', 'Đang chờ xử lý', NULL, NULL),
(3, 3, 4, 3, '18,755,000.00', 'Đang chờ xử lý', NULL, NULL),
(15, 7, 19, 15, '60,500.00', 'Đang chờ xử lý', NULL, NULL);

-- --------------------------------------------------------

--
-- Cấu trúc bảng cho bảng `tbl_order_details`
--

CREATE TABLE `tbl_order_details` (
  `order_details_id` bigint(20) UNSIGNED NOT NULL,
  `order_id` int(11) NOT NULL,
  `product_id` int(11) NOT NULL,
  `product_name` varchar(255) COLLATE utf8mb4_unicode_ci NOT NULL,
  `product_price` int(11) NOT NULL,
  `product_sales_quantity` int(11) NOT NULL,
  `created_at` timestamp NULL DEFAULT NULL,
  `updated_at` timestamp NULL DEFAULT NULL
) ENGINE=InnoDB DEFAULT CHARSET=utf8mb4 COLLATE=utf8mb4_unicode_ci;

--
-- Đang đổ dữ liệu cho bảng `tbl_order_details`
--

INSERT INTO `tbl_order_details` (`order_details_id`, `order_id`, `product_id`, `product_name`, `product_price`, `product_sales_quantity`, `created_at`, `updated_at`) VALUES
(1, 1, 15, 'xbox122', 11111, 1, NULL, NULL),
(2, 2, 15, 'xbox122', 11111, 1, NULL, NULL),
(9, 12, 31, 'giày nike đen', 1200000, 1, NULL, NULL),
(10, 13, 31, 'giày nike đen', 1200000, 1, NULL, NULL),
(11, 13, 35, 'giày vàng', 10000000, 1, NULL, NULL),
(12, 14, 34, 'giày sĩ xanh dương', 15000000, 4, NULL, NULL),
(13, 15, 27, 'bóng xanh', 50000, 1, NULL, NULL);

-- --------------------------------------------------------

--
-- Cấu trúc bảng cho bảng `tbl_payment`
--

CREATE TABLE `tbl_payment` (
  `payment_id` bigint(20) UNSIGNED NOT NULL,
  `payment_method` varchar(255) COLLATE utf8mb4_unicode_ci NOT NULL,
  `payment_status` varchar(50) CHARACTER SET utf8 NOT NULL,
  `created_at` timestamp NULL DEFAULT NULL,
  `updated_at` timestamp NULL DEFAULT NULL
) ENGINE=InnoDB DEFAULT CHARSET=utf8mb4 COLLATE=utf8mb4_unicode_ci;

--
-- Đang đổ dữ liệu cho bảng `tbl_payment`
--

INSERT INTO `tbl_payment` (`payment_id`, `payment_method`, `payment_status`, `created_at`, `updated_at`) VALUES
(1, '1', 'Đang chờ xử lý', NULL, NULL),
(2, '2', 'Đang chờ xử lý', NULL, NULL),
(3, '3', 'Đang chờ xử lý', NULL, NULL),
(4, '1', 'Đang chờ xử lý', NULL, NULL),
(5, '2', 'Đang chờ xử lý', NULL, NULL),
(6, '2', 'Đang chờ xử lý', NULL, NULL),
(7, '1', 'Đang chờ xử lý', NULL, NULL),
(8, '2', 'Đang chờ xử lý', NULL, NULL),
(9, '2', 'Đang chờ xử lý', NULL, NULL),
(10, '2', 'Đang chờ xử lý', NULL, NULL),
(11, '1', 'Đang chờ xử lý', NULL, NULL),
(12, '1', 'Đang chờ xử lý', NULL, NULL),
(13, '2', 'Đang chờ xử lý', NULL, NULL),
(14, '2', 'Đang chờ xử lý', NULL, NULL),
(15, '2', 'Đang chờ xử lý', NULL, NULL);

-- --------------------------------------------------------

--
-- Cấu trúc bảng cho bảng `tbl_product`
--

CREATE TABLE `tbl_product` (
  `product_id` int(10) UNSIGNED NOT NULL,
  `category_id` int(11) NOT NULL,
  `brand_id` int(11) NOT NULL,
  `product_name` varchar(255) COLLATE utf8mb4_unicode_ci NOT NULL,
  `product_desc` text COLLATE utf8mb4_unicode_ci NOT NULL,
  `product_content` text COLLATE utf8mb4_unicode_ci NOT NULL,
  `product_price` int(11) NOT NULL,
  `product_image` varchar(255) COLLATE utf8mb4_unicode_ci NOT NULL,
  `product_status` int(11) NOT NULL,
  `created_at` timestamp NULL DEFAULT NULL,
  `updated_at` timestamp NULL DEFAULT NULL
) ENGINE=InnoDB DEFAULT CHARSET=utf8mb4 COLLATE=utf8mb4_unicode_ci;

--
-- Đang đổ dữ liệu cho bảng `tbl_product`
--

INSERT INTO `tbl_product` (`product_id`, `category_id`, `brand_id`, `product_name`, `product_desc`, `product_content`, `product_price`, `product_image`, `product_status`, `created_at`, `updated_at`) VALUES
(24, 4, 3, 'vớ', 'sản phẩm bền đẹp', 'sang , sịn , mịn', 500000, 'a181.png', 0, NULL, NULL),
(25, 4, 2, 'Băng quấn cổ tay', 'sang mà còn đẹp', 'chất lượng', 1000000, 'a20.png', 0, NULL, NULL),
(26, 4, 3, 'Băng đô thể thao', 'sản phẩm cho tất cả mọi người', 'đẹp , bền', 200000, 'a451.png', 0, NULL, NULL),
(27, 6, 3, 'bóng xanh', 'êm chân', 'êm chân', 50000, 'b125.png', 0, NULL, NULL),
(28, 6, 3, 'bóng vàng', 'bóng êm chân, bền', 'bóng làm từ cao su', 500000, 'b271.png', 0, NULL, NULL),
(29, 5, 2, 'giày adidas đen', 'đẹp , bền', 'tất cả đều được làm bằng da', 1000000, 'g149.png', 0, NULL, NULL),
(31, 5, 3, 'giày nike đen', 'giày đẹp, chất lượng', 'chất lượng làm nên thương hiệu', 1200000, 'g311.png', 0, NULL, NULL),
(33, 5, 3, 'giày nike trắng', 'giày đẹp', 'đỉnh và chất lượng', 800000, 'g448.png', 0, NULL, NULL),
(34, 5, 3, 'giày sĩ xanh dương', 'đẹp bền', 'đỉnh của đỉnh', 15000000, 'g587.png', 0, NULL, NULL),
(35, 5, 3, 'giày vàng', 'đẹp', 'đẹp', 10000000, 'g65.png', 0, NULL, NULL),
(36, 5, 3, 'giày sĩ xanh dương', 'đẹp', 'đẹp', 500000, 'g21.png', 0, NULL, NULL),
(37, 4, 3, 'băng quấn chân', 'đẹp , bền', 'sản phẩm chính hãng', 200000, 'a80.png', 0, NULL, NULL),
(38, 4, 3, 'găng tay bắt bóng', 'đẹp , bềnh , chắc', 'sản phẩm chính hãng', 250000, 't196.png', 0, NULL, NULL),
(39, 4, 2, 'vợt đánh cầu lông', 'chắc chắn , thể thao', 'sản phẩm chính hãng', 300000, 'v257.png', 0, NULL, NULL);

-- --------------------------------------------------------

--
-- Cấu trúc bảng cho bảng `tbl_shipping`
--

CREATE TABLE `tbl_shipping` (
  `shipping_id` int(10) UNSIGNED NOT NULL,
  `shipping_name` varchar(255) COLLATE utf8mb4_unicode_ci NOT NULL,
  `shipping_address` varchar(255) COLLATE utf8mb4_unicode_ci NOT NULL,
  `shipping_phone` varchar(255) COLLATE utf8mb4_unicode_ci NOT NULL,
  `shipping_email` varchar(255) COLLATE utf8mb4_unicode_ci NOT NULL,
  `shipping_notes` text COLLATE utf8mb4_unicode_ci NOT NULL,
  `created_at` timestamp NULL DEFAULT NULL,
  `updated_at` timestamp NULL DEFAULT NULL
) ENGINE=InnoDB DEFAULT CHARSET=utf8mb4 COLLATE=utf8mb4_unicode_ci;

--
-- Đang đổ dữ liệu cho bảng `tbl_shipping`
--

INSERT INTO `tbl_shipping` (`shipping_id`, `shipping_name`, `shipping_address`, `shipping_phone`, `shipping_email`, `shipping_notes`, `created_at`, `updated_at`) VALUES
(16, 'nguyentansi', '123a', '0457854245', 'si7@gmail.com', 'a', NULL, NULL),
(17, 'nguyentansi', '123a', '04578542451', 'tansi711@gmail.com', 'h', NULL, NULL),
(18, 'nguyensi', '123b', '0123597894', 'nguyensi@gmail.com', 'a', NULL, NULL),
(19, 'nguyensi', '123b', '0123456987', 'nguyensi@gmail.com', 'a', NULL, NULL);

-- --------------------------------------------------------

--
-- Cấu trúc bảng cho bảng `users`
--

CREATE TABLE `users` (
  `id` bigint(20) UNSIGNED NOT NULL,
  `name` varchar(255) COLLATE utf8mb4_unicode_ci NOT NULL,
  `email` varchar(255) COLLATE utf8mb4_unicode_ci NOT NULL,
  `email_verified_at` timestamp NULL DEFAULT NULL,
  `password` varchar(255) COLLATE utf8mb4_unicode_ci NOT NULL,
  `remember_token` varchar(100) COLLATE utf8mb4_unicode_ci DEFAULT NULL,
  `created_at` timestamp NULL DEFAULT NULL,
  `updated_at` timestamp NULL DEFAULT NULL
) ENGINE=InnoDB DEFAULT CHARSET=utf8mb4 COLLATE=utf8mb4_unicode_ci;

--
-- Chỉ mục cho các bảng đã đổ
--

--
-- Chỉ mục cho bảng `failed_jobs`
--
ALTER TABLE `failed_jobs`
  ADD PRIMARY KEY (`id`),
  ADD UNIQUE KEY `failed_jobs_uuid_unique` (`uuid`);

--
-- Chỉ mục cho bảng `migrations`
--
ALTER TABLE `migrations`
  ADD PRIMARY KEY (`id`);

--
-- Chỉ mục cho bảng `tbl_admin`
--
ALTER TABLE `tbl_admin`
  ADD PRIMARY KEY (`admin_id`);

--
-- Chỉ mục cho bảng `tbl_brand`
--
ALTER TABLE `tbl_brand`
  ADD PRIMARY KEY (`brand_id`);

--
-- Chỉ mục cho bảng `tbl_category_product`
--
ALTER TABLE `tbl_category_product`
  ADD PRIMARY KEY (`category_id`);

--
-- Chỉ mục cho bảng `tbl_customers`
--
ALTER TABLE `tbl_customers`
  ADD PRIMARY KEY (`customer_id`);

--
-- Chỉ mục cho bảng `tbl_order`
--
ALTER TABLE `tbl_order`
  ADD PRIMARY KEY (`order_id`);

--
-- Chỉ mục cho bảng `tbl_order_details`
--
ALTER TABLE `tbl_order_details`
  ADD PRIMARY KEY (`order_details_id`);

--
-- Chỉ mục cho bảng `tbl_payment`
--
ALTER TABLE `tbl_payment`
  ADD PRIMARY KEY (`payment_id`);

--
-- Chỉ mục cho bảng `tbl_product`
--
ALTER TABLE `tbl_product`
  ADD PRIMARY KEY (`product_id`);

--
-- Chỉ mục cho bảng `tbl_shipping`
--
ALTER TABLE `tbl_shipping`
  ADD PRIMARY KEY (`shipping_id`);

--
-- Chỉ mục cho bảng `users`
--
ALTER TABLE `users`
  ADD PRIMARY KEY (`id`);

--
-- AUTO_INCREMENT cho các bảng đã đổ
--

--
-- AUTO_INCREMENT cho bảng `failed_jobs`
--
ALTER TABLE `failed_jobs`
  MODIFY `id` bigint(20) UNSIGNED NOT NULL AUTO_INCREMENT;

--
-- AUTO_INCREMENT cho bảng `migrations`
--
ALTER TABLE `migrations`
  MODIFY `id` int(10) UNSIGNED NOT NULL AUTO_INCREMENT, AUTO_INCREMENT=14;

--
-- AUTO_INCREMENT cho bảng `tbl_admin`
--
ALTER TABLE `tbl_admin`
  MODIFY `admin_id` int(10) UNSIGNED NOT NULL AUTO_INCREMENT, AUTO_INCREMENT=4;

--
-- AUTO_INCREMENT cho bảng `tbl_brand`
--
ALTER TABLE `tbl_brand`
  MODIFY `brand_id` int(10) UNSIGNED NOT NULL AUTO_INCREMENT, AUTO_INCREMENT=4;

--
-- AUTO_INCREMENT cho bảng `tbl_category_product`
--
ALTER TABLE `tbl_category_product`
  MODIFY `category_id` int(10) UNSIGNED NOT NULL AUTO_INCREMENT, AUTO_INCREMENT=7;

--
-- AUTO_INCREMENT cho bảng `tbl_customers`
--
ALTER TABLE `tbl_customers`
  MODIFY `customer_id` int(10) UNSIGNED NOT NULL AUTO_INCREMENT, AUTO_INCREMENT=8;

--
-- AUTO_INCREMENT cho bảng `tbl_order`
--
ALTER TABLE `tbl_order`
  MODIFY `order_id` bigint(20) UNSIGNED NOT NULL AUTO_INCREMENT, AUTO_INCREMENT=16;

--
-- AUTO_INCREMENT cho bảng `tbl_order_details`
--
ALTER TABLE `tbl_order_details`
  MODIFY `order_details_id` bigint(20) UNSIGNED NOT NULL AUTO_INCREMENT, AUTO_INCREMENT=14;

--
-- AUTO_INCREMENT cho bảng `tbl_payment`
--
ALTER TABLE `tbl_payment`
  MODIFY `payment_id` bigint(20) UNSIGNED NOT NULL AUTO_INCREMENT, AUTO_INCREMENT=16;

--
-- AUTO_INCREMENT cho bảng `tbl_product`
--
ALTER TABLE `tbl_product`
  MODIFY `product_id` int(10) UNSIGNED NOT NULL AUTO_INCREMENT, AUTO_INCREMENT=40;

--
-- AUTO_INCREMENT cho bảng `tbl_shipping`
--
ALTER TABLE `tbl_shipping`
  MODIFY `shipping_id` int(10) UNSIGNED NOT NULL AUTO_INCREMENT, AUTO_INCREMENT=20;

--
-- AUTO_INCREMENT cho bảng `users`
--
ALTER TABLE `users`
  MODIFY `id` bigint(20) UNSIGNED NOT NULL AUTO_INCREMENT;
COMMIT;

/*!40101 SET CHARACTER_SET_CLIENT=@OLD_CHARACTER_SET_CLIENT */;
/*!40101 SET CHARACTER_SET_RESULTS=@OLD_CHARACTER_SET_RESULTS */;
/*!40101 SET COLLATION_CONNECTION=@OLD_COLLATION_CONNECTION */;
